{"cameraMode":{"drawMode":0,"name":"Shaded","section":"Shading Mode"},"sceneLighting":false,"audioPlay":false,"sceneViewState":{"m_AlwaysRefresh":false,"showFog":true,"showSkybox":true,"showFlares":true,"showImageEffects":true,"showParticleSystems":true,"showVisualEffectGraphs":true,"m_FxEnabled":true},"in2DMode":false,"pivot":{"x":-1.2999954223632813,"y":-10.130000114440918,"z":183.17640686035157},"rotation":{"x":0.0902838185429573,"y":-0.5758410692214966,"z":0.06418237090110779,"w":0.8100239634513855},"size":19.537456512451173,"orthographic":true}