{"cameraMode":{"drawMode":0,"name":"Shaded","section":"Shading Mode"},"sceneLighting":false,"audioPlay":false,"sceneViewState":{"m_AlwaysRefresh":false,"showFog":true,"showSkybox":true,"showFlares":true,"showImageEffects":true,"showParticleSystems":true,"showVisualEffectGraphs":true,"m_FxEnabled":true},"in2DMode":false,"pivot":{"x":6.622991561889648,"y":39.86930465698242,"z":51.927696228027347},"rotation":{"x":0.3120844066143036,"y":0.40555018186569216,"z":-0.14960148930549622,"w":0.8460238575935364},"size":39.945159912109378,"orthographic":true}