{"cameraMode":{"drawMode":0,"name":"Shaded","section":"Shading Mode"},"sceneLighting":true,"audioPlay":false,"sceneViewState":{"m_AlwaysRefresh":false,"showFog":true,"showSkybox":true,"showFlares":true,"showImageEffects":true,"showParticleSystems":true,"showVisualEffectGraphs":true,"m_FxEnabled":true},"in2DMode":false,"pivot":{"x":355.3968505859375,"y":15.16703987121582,"z":-65.47238159179688},"rotation":{"x":0.013390766456723214,"y":0.8033842444419861,"z":-0.5950381755828857,"w":0.018079187721014024},"size":1103.543212890625,"orthographic":true}