{"cameraMode":{"drawMode":0,"name":"Shaded","section":"Shading Mode"},"sceneLighting":false,"audioPlay":false,"sceneViewState":{"m_AlwaysRefresh":false,"showFog":true,"showSkybox":true,"showFlares":true,"showImageEffects":true,"showParticleSystems":true,"showVisualEffectGraphs":true,"m_FxEnabled":true},"in2DMode":false,"pivot":{"x":4.364321708679199,"y":11.364897727966309,"z":54.493309020996097},"rotation":{"x":-0.4222681522369385,"y":0.23645733296871186,"z":0.11508390307426453,"w":0.8674996495246887},"size":6.826346397399902,"orthographic":false}