{"cameraMode":{"drawMode":0,"name":"Shaded","section":"Shading Mode"},"sceneLighting":false,"audioPlay":false,"sceneViewState":{"m_AlwaysRefresh":false,"showFog":true,"showSkybox":true,"showFlares":true,"showImageEffects":true,"showParticleSystems":true,"showVisualEffectGraphs":true,"m_FxEnabled":true},"in2DMode":false,"pivot":{"x":338.87945556640627,"y":221.72994995117188,"z":-3.1018218994140627},"rotation":{"x":-0.015700818970799447,"y":0.3080906867980957,"z":-0.00507205817848444,"w":-0.9512336254119873},"size":107.22159576416016,"orthographic":true}