{"cameraMode":{"drawMode":0,"name":"Shaded","section":"Shading Mode"},"sceneLighting":true,"audioPlay":false,"sceneViewState":{"m_AlwaysRefresh":false,"showFog":true,"showSkybox":true,"showFlares":true,"showImageEffects":true,"showParticleSystems":true,"showVisualEffectGraphs":true,"m_FxEnabled":true},"in2DMode":false,"pivot":{"x":-0.09888644516468048,"y":2.63226318359375,"z":9.419753074645996},"rotation":{"x":0.0973455160856247,"y":-0.005371576175093651,"z":0.0005266114021651447,"w":0.9952486157417297},"size":10.322656631469727,"orthographic":true}