{"cameraMode":{"drawMode":0,"name":"Shaded","section":"Shading Mode"},"sceneLighting":true,"audioPlay":false,"sceneViewState":{"m_AlwaysRefresh":false,"showFog":true,"showSkybox":true,"showFlares":true,"showImageEffects":true,"showParticleSystems":true,"showVisualEffectGraphs":true,"m_FxEnabled":true},"in2DMode":false,"pivot":{"x":-0.11259743571281433,"y":2.2183008193969728,"z":9.372926712036133},"rotation":{"x":0.3698776960372925,"y":0.5612934231758118,"z":-0.30846428871154787,"w":0.6730571389198303},"size":1.1544593572616578,"orthographic":true}