{"cameraMode":{"drawMode":0,"name":"Shaded","section":"Shading Mode"},"sceneLighting":false,"audioPlay":false,"sceneViewState":{"m_AlwaysRefresh":false,"showFog":true,"showSkybox":true,"showFlares":true,"showImageEffects":true,"showParticleSystems":true,"showVisualEffectGraphs":true,"m_FxEnabled":true},"in2DMode":false,"pivot":{"x":1.524921178817749,"y":1.9705430269241334,"z":1.8569650650024415},"rotation":{"x":0.34522733092308047,"y":0.009854053147137165,"z":-0.0036253524012863638,"w":0.9384639263153076},"size":9.586404800415039,"orthographic":true}