{"cameraMode":{"drawMode":0,"name":"Shaded","section":"Shading Mode"},"sceneLighting":true,"audioPlay":false,"sceneViewState":{"m_AlwaysRefresh":false,"showFog":true,"showSkybox":true,"showFlares":true,"showImageEffects":true,"showParticleSystems":true,"showVisualEffectGraphs":true,"m_FxEnabled":true},"in2DMode":false,"pivot":{"x":-2.6476917266845705,"y":5.048389911651611,"z":109.05826568603516},"rotation":{"x":-0.1034499779343605,"y":0.15951372683048249,"z":-0.016810916364192964,"w":-0.9816160202026367},"size":19.572397232055665,"orthographic":true}