{"cameraMode":{"drawMode":0,"name":"Shaded","section":"Shading Mode"},"sceneLighting":false,"audioPlay":false,"sceneViewState":{"m_AlwaysRefresh":false,"showFog":true,"showSkybox":true,"showFlares":true,"showImageEffects":true,"showParticleSystems":true,"showVisualEffectGraphs":true,"m_FxEnabled":true},"in2DMode":false,"pivot":{"x":-3.0013017654418947,"y":10.450356483459473,"z":3.0692081451416017},"rotation":{"x":-0.04866073280572891,"y":0.7646423578262329,"z":-0.058151744306087497,"w":-0.6399953365325928},"size":12.191306114196778,"orthographic":true}