{"cameraMode":{"drawMode":0,"name":"Shaded","section":"Shading Mode"},"sceneLighting":false,"audioPlay":false,"sceneViewState":{"m_AlwaysRefresh":false,"showFog":true,"showSkybox":true,"showFlares":true,"showImageEffects":true,"showParticleSystems":true,"showVisualEffectGraphs":true,"m_FxEnabled":true},"in2DMode":false,"pivot":{"x":0.030734024941921235,"y":0.2540000081062317,"z":-4.074830532073975},"rotation":{"x":-0.21636125445365907,"y":0.7638105154037476,"z":-0.31934022903442385,"w":-0.5175108909606934},"size":0.115548275411129,"orthographic":true}