{"cameraMode":{"drawMode":0,"name":"Shaded","section":"Shading Mode"},"sceneLighting":false,"audioPlay":false,"sceneViewState":{"m_AlwaysRefresh":false,"showFog":true,"showSkybox":true,"showFlares":true,"showImageEffects":true,"showParticleSystems":true,"showVisualEffectGraphs":true,"m_FxEnabled":true},"in2DMode":false,"pivot":{"x":-1.4453070163726807,"y":0.8784620761871338,"z":-7.384147644042969},"rotation":{"x":0.02426823601126671,"y":0.9658368229866028,"z":-0.23880836367607118,"w":0.09798231720924378},"size":1.0452675819396973,"orthographic":true}