{"cameraMode":{"drawMode":0,"name":"Shaded","section":"Shading Mode"},"sceneLighting":false,"audioPlay":false,"sceneViewState":{"m_AlwaysRefresh":false,"showFog":true,"showSkybox":false,"showFlares":true,"showImageEffects":true,"showParticleSystems":true,"showVisualEffectGraphs":true,"m_FxEnabled":true},"in2DMode":false,"pivot":{"x":-0.03301429748535156,"y":441.71954345703127,"z":0.20056629180908204},"rotation":{"x":0.11805982887744904,"y":-0.13216152787208558,"z":0.0158394705504179,"w":0.984065055847168},"size":11.69115161895752,"orthographic":true}